<?xml version="1.0" encoding="UTF-8"?>
<preferences>
 <debug showDebugMenu="0" />
 <systemtable>
  <columns>
   <connections preferredWidth="127" />
   <irq preferredWidth="34" />
   <name preferredWidth="309" />
  </columns>
 </systemtable>
 <clocktable>
  <columns>
   <clockname preferredWidth="363" />
   <clocksource preferredWidth="363" />
   <frequency preferredWidth="344" />
  </columns>
 </clocktable>
 <window width="1382" height="716" x="-8" y="-8" />
 <library
   expandedCategories="Project,Library/Interface Protocols,Library,Library/University Program/Communications,Library/University Program,Library/Interface Protocols/Serial" />
</preferences>
