<?xml version="1.0" ?>
<LOG_ROOT>
	<PROJECT NAME="DE2_115_uClinux">
		<CBX_INST_ENTRY INSTANCE_NAME="|DE2_115_uClinux|qsys:inst1|qsys_cpu:cpu|qsys_cpu_ic_data_module:qsys_cpu_ic_data|altsyncram:the_altsyncram" CBX_FILE_NAME="altsyncram_cjd1.tdf"/>
		<CBX_INST_ENTRY INSTANCE_NAME="|DE2_115_uClinux|qsys:inst1|qsys_cpu:cpu|qsys_cpu_ic_tag_module:qsys_cpu_ic_tag|altsyncram:the_altsyncram" CBX_FILE_NAME="altsyncram_5ng1.tdf"/>
		<CBX_INST_ENTRY INSTANCE_NAME="|DE2_115_uClinux|qsys:inst1|qsys_cpu:cpu|qsys_cpu_mult_cell:the_qsys_cpu_mult_cell|altmult_add:the_altmult_add_part_2" CBX_FILE_NAME="mult_add_95u2.tdf"/>
		<CBX_INST_ENTRY INSTANCE_NAME="|DE2_115_uClinux|qsys:inst1|qsys_cpu:cpu|qsys_cpu_register_bank_b_module:qsys_cpu_register_bank_b|altsyncram:the_altsyncram" CBX_FILE_NAME="altsyncram_rof1.tdf"/>
		<CBX_INST_ENTRY INSTANCE_NAME="|DE2_115_uClinux|altpll0:inst|altpll:altpll_component" CBX_FILE_NAME="altpll0_altpll.v"/>
		<CBX_INST_ENTRY INSTANCE_NAME="|DE2_115_uClinux|qsys:inst1|qsys_cpu:cpu|lpm_add_sub:Add17" CBX_FILE_NAME="add_sub_qvi.tdf"/>
		<CBX_INST_ENTRY INSTANCE_NAME="|DE2_115_uClinux|qsys:inst1|qsys_cpu:cpu|qsys_cpu_bht_module:qsys_cpu_bht|altsyncram:the_altsyncram" CBX_FILE_NAME="altsyncram_qag1.tdf"/>
		<CBX_INST_ENTRY INSTANCE_NAME="|DE2_115_uClinux|qsys:inst1|qsys_cpu:cpu|qsys_cpu_dc_data_module:qsys_cpu_dc_data|altsyncram:the_altsyncram" CBX_FILE_NAME="altsyncram_kdf1.tdf"/>
		<CBX_INST_ENTRY INSTANCE_NAME="|DE2_115_uClinux|qsys:inst1|qsys_cpu:cpu|qsys_cpu_dc_tag_module:qsys_cpu_dc_tag|altsyncram:the_altsyncram" CBX_FILE_NAME="altsyncram_qvf1.tdf"/>
		<CBX_INST_ENTRY INSTANCE_NAME="|DE2_115_uClinux|qsys:inst1|qsys_cpu:cpu|qsys_cpu_dc_victim_module:qsys_cpu_dc_victim|altsyncram:the_altsyncram" CBX_FILE_NAME="altsyncram_r3d1.tdf"/>
		<CBX_INST_ENTRY INSTANCE_NAME="|DE2_115_uClinux|qsys:inst1|qsys_cpu:cpu|qsys_cpu_nios2_oci:the_qsys_cpu_nios2_oci|qsys_cpu_nios2_oci_im:the_qsys_cpu_nios2_oci_im|qsys_cpu_traceram_lpm_dram_bdp_component_module:qsys_cpu_traceram_lpm_dram_bdp_component|altsyncram:the_altsyncram" CBX_FILE_NAME="altsyncram_0a02.tdf"/>
		<CBX_INST_ENTRY INSTANCE_NAME="|DE2_115_uClinux|qsys:inst1|qsys_cpu:cpu|qsys_cpu_nios2_oci:the_qsys_cpu_nios2_oci|qsys_cpu_nios2_ocimem:the_qsys_cpu_nios2_ocimem|qsys_cpu_ociram_lpm_dram_bdp_component_module:qsys_cpu_ociram_lpm_dram_bdp_component|altsyncram:the_altsyncram" CBX_FILE_NAME="altsyncram_um72.tdf"/>
		<CBX_INST_ENTRY INSTANCE_NAME="|DE2_115_uClinux|qsys:inst1|qsys_cpu:cpu|qsys_cpu_register_bank_a_module:qsys_cpu_register_bank_a|altsyncram:the_altsyncram" CBX_FILE_NAME="altsyncram_qof1.tdf"/>
		<CBX_INST_ENTRY INSTANCE_NAME="|DE2_115_uClinux|qsys:inst1|qsys_cpu:cpu|qsys_cpu_tlb_module:qsys_cpu_tlb|altsyncram:the_altsyncram" CBX_FILE_NAME="altsyncram_4qc1.tdf"/>
		<CBX_INST_ENTRY INSTANCE_NAME="|DE2_115_uClinux|qsys:inst1|qsys_jtag:jtag|qsys_jtag_scfifo_w:the_qsys_jtag_scfifo_w|scfifo:wfifo" CBX_FILE_NAME="scfifo_jr21.tdf"/>
		<CBX_INST_ENTRY INSTANCE_NAME="|DE2_115_uClinux|qsys:inst1|qsys_cpu:cpu|qsys_cpu_mult_cell:the_qsys_cpu_mult_cell|altmult_add:the_altmult_add_part_1" CBX_FILE_NAME="mult_add_75u2.tdf"/>
		<CBX_INST_ENTRY INSTANCE_NAME="|DE2_115_uClinux|qsys:inst1|qsys_jtag:jtag|qsys_jtag_scfifo_r:the_qsys_jtag_scfifo_r|scfifo:rfifo" CBX_FILE_NAME="scfifo_jr21.tdf"/>
		<CBX_INST_ENTRY INSTANCE_NAME="|DE2_115_uClinux|qsys:inst1|qsys_ram_mmu:ram_mmu|altsyncram:the_altsyncram" CBX_FILE_NAME="altsyncram_l422.tdf"/>
	</PROJECT>
</LOG_ROOT>
